{
  "timestamp": "2026-02-27T12:37:12.500701",
  "phase": "Hour 9-10: Risk Management",
  "var": {
    "95%": {
      "historical_var": -0.028598619460009904,
      "parametric_var": -0.02833635898247975,
      "cvar": -0.035537093502562955
    },
    "99%": {
      "historical_var": -0.04056257666320867,
      "parametric_var": -0.04035638728734474,
      "cvar": -0.04495069393765311
    }
  },
  "stress_test": {
    "market_crash_2008": {
      "description": "2008\u5e74\u91d1\u878d\u5371\u673a",
      "price_drop": -0.4,
      "stressed_price": 14.71946512822246,
      "portfolio_loss": 20000.0,
      "remaining_capital": 80000.0,
      "loss_percentage": 0.2
    },
    "covid_crash": {
      "description": "COVID-19\u5d29\u76d8",
      "price_drop": -0.35,
      "stressed_price": 15.946087222241001,
      "portfolio_loss": 17500.0,
      "remaining_capital": 82500.0,
      "loss_percentage": 0.175
    },
    "flash_crash": {
      "description": "\u95ea\u5d29",
      "price_drop": -0.1,
      "stressed_price": 22.079197692333693,
      "portfolio_loss": 5000.0,
      "remaining_capital": 95000.0,
      "loss_percentage": 0.05
    },
    "prolonged_bear": {
      "description": "\u957f\u671f\u718a\u5e02",
      "price_drop": -0.5,
      "stressed_price": 12.266220940185384,
      "portfolio_loss": 25000.0,
      "remaining_capital": 75000.0,
      "loss_percentage": 0.25
    }
  },
  "extreme_backtest": {
    "total_return": 0.2752998858992648,
    "max_drawdown": -0.2229198517697014,
    "final_equity": 127529.98858992648,
    "high_vol_days": 129
  }
}